lon,lat,count,
106.694687,26.564808,474,
106.633034,26.676849,454,
106.713478,26.578342,317,
106.654526,26.592924,316,
106.873672,26.732695,309,
106.669342,26.583996,285,
106.671478,26.59326,264,
106.713478,26.578342,258,
106.762123,26.630928,236,
106.689247,26.558886,228,
106.723953,26.60166,226,
106.713478,26.578342,206,
106.638451,26.605957,189,
106.704147,26.550171,179,
106.699753,26.588825,165,
106.665817,26.428902,163,
106.732704,26.505184,152,
106.698158,26.565378,138,
106.691338,26.559229,137,
106.684227,26.559587,124,
106.725754,26.4655,123,
106.720016,26.602135,119,
106.896339,27.172375,118,
106.681549,26.508089,117,
106.873672,26.732695,110,
106.645348,26.612413,106,
106.73774,26.560503,100,
106.705215,26.573921,97,
106.620247,26.600557,97,
106.658134,26.612556,97,
106.711037,26.522951,97,
106.696487,26.583597,95,
106.766891,26.640644,85,
106.696014,26.593328,84,
106.978302,27.046478,82,
106.713478,26.578342,82,
106.718407,26.600471,79,
106.651634,26.577604,78,
106.721497,26.585793,77,
106.763489,27.23316,77,
106.709,26.565374,77,
106.747734,26.593128,76,
106.641769,26.655354,76,
106.730026,26.57564,76,
106.706802,26.652107,75,
106.712852,26.573538,75,
106.713478,26.578342,74,
106.697357,26.509306,74,
106.724426,26.560286,73,
106.711052,26.600554,71,
106.697136,26.47839,70,
106.713478,26.578342,69,
106.62365,26.628647,63,
106.713478,26.578342,63,
106.713478,26.578342,63,
106.713478,26.578342,63,
106.697884,26.574417,62,
106.623993,26.63793,62,
106.677254,26.520472,61,
106.707085,26.601982,58,
106.713478,26.578342,57,
106.715965,26.573742,56,
106.688431,26.529491,56,
106.75296,26.406002,55,
106.712433,26.580194,55,
106.766083,26.611912,53,
106.525711,27.142696,53,
106.713478,26.578342,53,
106.713394,26.58301,53,
106.728828,26.571405,52,
106.704315,26.586245,51,
106.709991,26.594919,51,
106.713478,26.578342,50,
106.713478,26.578342,49,
106.655052,26.674282,48,
106.611702,26.624043,48,
106.614334,26.68811,48,
106.713478,26.578342,47,
106.605652,26.612225,46,
106.641747,26.682751,45,
106.701881,26.609137,45,
106.695511,26.581831,44,
106.661522,26.7216,43,
106.705109,26.574856,43,
106.680786,26.582808,43,
106.696823,26.538803,43,
106.649704,26.645582,43,
106.727692,26.571327,42,
106.670891,26.685125,42,
106.713478,26.578342,41,
106.692215,26.562237,41,
106.715981,26.590023,41,
106.676643,26.496195,41,
106.731934,26.61758,41,
106.642616,26.673193,39,
106.774536,26.551966,39,
106.660149,26.508476,38,
106.713478,26.578342,38,
106.718697,26.565548,38,
106.713478,26.578342,38,
106.624535,26.676973,37,
106.739235,26.557919,36,
106.778557,26.539078,36,
106.713478,26.578342,36,
106.726768,26.562946,36,
106.62632,26.646358,35,
106.713478,26.578342,35,
106.718422,26.564392,35,
106.682396,26.624092,34,
106.71302,26.563467,34,
106.684654,26.579327,34,
106.713478,26.578342,33,
106.763489,27.23316,33,
106.734818,26.545599,32,
106.660477,26.595093,32,
106.702072,26.585878,32,
106.71608,26.577761,32,
106.732834,26.596632,31,
106.758774,26.597473,31,
106.713478,26.578342,31,
106.753036,26.630733,31,
106.523735,26.572842,31,
106.663452,26.65098,31,
106.517258,27.110754,31,
106.714729,26.584965,31,
106.764801,26.567093,31,
106.71743,26.576881,30,
106.707787,26.579903,30,
106.694511,26.558603,30,
106.713478,26.578342,30,
106.721954,26.562857,29,
106.713478,26.578342,29,
106.668823,26.582987,29,
106.631378,26.603106,29,
106.713478,26.578342,29,
106.689568,26.530468,29,
106.721703,26.598305,28,
106.717667,26.575972,28,
106.69828,26.577724,28,
106.713478,26.578342,28,
106.693703,26.524946,28,
106.713478,26.578342,28,
106.59021,26.628883,27,
106.622475,26.620193,27,
106.710976,26.567781,27,
106.733955,26.57468,27,
106.74025,26.486959,26,
106.903244,27.221123,26,
106.71936,26.508871,26,
106.718956,26.586994,25,
106.707787,26.507906,25,
106.71003,26.577393,25,
106.74044,26.555471,24,
106.677208,26.413132,24,
106.816856,26.638985,24,
106.711456,26.53347,24,
106.64225,26.660774,23,
106.70562,26.577229,23,
106.713058,26.578451,23,
106.713478,26.578342,22,
106.610023,26.64571,22,
106.703644,26.614153,22,
106.713478,26.578342,22,
106.658195,26.661566,21,
106.696579,26.508501,21,
106.724365,26.606714,21,
106.713478,26.578342,21,
106.712418,26.580004,21,
106.700302,26.567163,20,
106.626633,26.623713,20,
106.666161,26.58716,20,
106.713478,26.578342,20,
106.758904,26.56374,20,
106.710014,26.558208,20,
106.873672,26.732695,20,
106.714592,26.611828,20,
106.610336,26.634024,20,
106.680328,26.502781,20,
106.634766,26.645092,19,
106.633003,26.65469,19,
106.713478,26.578342,19,
106.624344,26.707096,18,
106.708229,26.548107,18,
106.713478,26.578342,18,
106.746574,26.564716,18,
106.559959,26.444769,17,
106.694687,26.564808,17,
106.725113,26.614103,17,
106.523735,26.572842,17,
106.587845,26.655788,17,
106.719147,26.582823,17,
106.62429,26.670687,17,
106.896339,27.172375,17,
106.611488,26.623804,17,
106.608017,26.652376,17,
106.691994,26.571043,17,
106.525185,26.683924,16,
106.660118,26.555899,16,
106.686081,26.550331,16,
106.618156,26.691158,16,
106.903244,27.221123,16,
106.696671,26.577744,16,
106.7332,26.460752,16,
106.735039,26.56225,16,
106.706207,26.553402,16,
106.722481,26.610085,16,
106.717857,26.572397,16,
106.695183,26.518324,16,
106.713478,26.578342,16,
106.711815,26.557262,16,
106.587257,26.609522,15,
106.735626,26.582714,15,
106.670036,26.578894,15,
106.719269,26.600451,15,
106.76078,26.643312,15,
106.720154,26.562033,15,
106.575752,26.582638,15,
106.703903,26.527901,15,
106.713478,26.578342,15,
106.61319,26.623755,15,
106.713478,26.578342,14,
106.713478,26.578342,14,
106.731995,26.531908,14,
106.713478,26.578342,14,
106.685501,26.588625,14,
106.73539,26.543547,14,
106.643196,26.58156,14,
106.75296,26.406002,14,
106.711555,26.569,14,
106.690323,26.574684,14,
106.673576,26.54388,14,
106.713478,26.578342,14,
106.714516,26.572313,14,
106.712891,26.613363,13,
106.714302,26.583292,13,
106.677414,26.519163,13,
106.695992,26.511396,13,
106.708939,26.513901,13,
106.702194,26.503443,13,
106.734947,26.395664,13,
106.713478,26.578342,13,
107.080948,26.895155,13,
106.713478,26.578342,13,
106.896339,27.172375,13,
106.753365,26.588911,13,
106.701248,26.55583,13,
106.705055,26.595625,12,
106.328789,26.511824,12,
106.644493,26.668633,12,
106.690872,26.517221,12,
106.708534,26.587341,12,
106.670792,26.410463,12,
106.693871,26.582073,12,
106.713478,26.578342,12,
106.631142,26.665501,12,
106.687813,26.601088,12,
106.711922,26.586645,12,
106.711922,26.586645,12,
106.694359,26.324745,12,
106.69149,26.586901,12,
106.691948,26.552721,12,
106.896339,27.172375,12,
106.676414,26.501669,12,
106.710197,26.583626,12,
106.716637,26.671925,12,
106.709015,26.589565,12,
106.710777,26.60256,12,
106.675087,26.613211,11,
106.193657,26.841383,11,
106.716629,26.512934,11,
106.713478,26.578342,11,
106.715721,26.573236,11,
106.735268,26.507067,11,
106.706413,26.568016,11,
106.620102,26.60989,11,
106.587845,26.655788,11,
106.621445,26.620359,11,
106.710999,26.591383,11,
106.713478,26.578342,11,
106.687813,26.601088,11,
106.624039,26.674351,11,
106.686234,26.552668,11,
106.705627,26.577024,11,
106.713478,26.578342,11,
106.610199,26.61244,11,
106.605942,26.390293,11,
106.670792,26.410463,11,
106.689323,26.509867,11,
106.776237,26.55406,11,
106.713478,26.578342,10,
106.621872,26.630032,10,
106.713478,26.578342,10,
106.372063,26.639034,10,
106.713478,26.578342,10,
106.713478,26.578342,10,
106.713478,26.578342,10,
106.713478,26.578342,10,
106.63456,26.646338,10,
106.713478,26.578342,10,
106.641769,26.655354,10,
106.726624,26.589174,10,
106.714516,26.585289,10,
106.715607,26.566334,10,
106.701515,26.562113,10,
106.671272,26.417274,10,
106.770424,26.620787,10,
106.719162,26.578821,10,
106.605942,26.390293,10,
106.713478,26.578342,10,
106.458313,26.979321,10,
106.54985,26.656837,10,
106.703758,26.597631,9,
106.713478,26.578342,9,
106.642326,26.672733,9,
106.620262,26.609875,9,
106.704155,27.117645,9,
106.713478,26.578342,9,
106.713478,26.578342,9,
106.74971,26.576859,9,
106.713478,26.578342,9,
106.622475,26.620193,9,
106.725395,26.566786,9,
106.704857,26.519358,9,
106.627136,26.569916,9,
106.693764,26.595812,9,
106.630142,26.64765,9,
106.60025,26.613731,9,
106.762123,26.630928,9,
106.896339,27.172375,9,
106.896339,27.172375,9,
106.776695,26.636515,9,
106.713478,26.578342,9,
106.690979,26.575729,9,
106.713478,26.578342,8,
106.616875,26.628714,8,
106.709785,26.551121,8,
106.563095,27.093826,8,
106.720169,26.579826,8,
106.422607,26.522638,8,
106.719208,26.595091,8,
106.642693,26.604078,8,
106.713478,26.578342,8,
106.717033,26.569872,8,
106.713478,26.578342,8,
106.657776,26.611137,8,
106.70031,26.50458,8,
106.667984,26.408731,8,
106.768814,27.244274,8,
106.713478,26.578342,8,
106.727051,26.559299,8,
106.713478,26.578342,8,
106.682274,26.374565,8,
106.896339,27.172375,8,
106.896339,27.172375,8,
106.873672,26.732695,8,
106.713478,26.578342,8,
106.725616,26.588398,8,
106.619179,26.328941,8,
106.713478,26.578342,7,
106.666451,26.585548,7,
106.713478,26.578342,7,
106.711922,26.571402,7,
106.713478,26.578342,7,
106.713478,26.578342,7,
106.735626,26.582714,7,
106.707977,26.573576,7,
106.71003,26.579874,7,
106.688316,26.619968,7,
106.713478,26.578342,7,
106.608879,26.671062,7,
106.713478,26.578342,7,
106.705544,26.534979,7,
106.698273,26.568829,7,
106.677208,26.413132,7,
106.696503,26.508442,7,
106.634026,26.675346,7,
106.713478,26.578342,7,
106.713478,26.578342,7,
106.713478,26.578342,7,
106.713478,26.578342,7,
107.009972,27.297682,7,
106.645546,26.583773,7,
106.630142,26.64765,7,
106.706589,26.571123,7,
106.896339,27.172375,7,
106.896339,27.172375,7,
106.896339,27.172375,7,
106.675034,26.422853,7,
106.688889,26.558643,7,
106.711205,26.600754,7,
106.713478,26.578342,7,
106.713478,26.578342,7,
106.714333,26.57291,7,
106.713478,26.578342,6,
106.699593,26.591599,6,
106.631462,26.683058,6,
106.705437,26.58655,6,
106.615196,26.458466,6,
106.816666,26.640715,6,
106.690262,26.550484,6,
106.72966,26.581539,6,
106.626556,26.603853,6,
106.713478,26.578342,6,
106.713478,26.578342,6,
106.713478,26.578342,6,
106.713478,26.578342,6,
106.69516,26.569145,6,
106.670258,26.409819,6,
106.697731,26.517868,6,
106.713478,26.578342,6,
106.584557,26.586281,6,
106.725647,26.595631,6,
106.621742,26.637976,6,
106.621994,26.653788,6,
106.713478,26.578342,6,
106.713478,26.578342,6,
106.707848,26.585217,6,
106.662827,26.689226,6,
106.699425,26.5392,6,
106.687813,26.601088,6,
106.720459,26.549139,6,
106.713478,26.578342,6,
106.713478,26.578342,6,
106.712273,26.592794,6,
106.70211,26.583828,6,
106.672035,26.517393,6,
106.69619,26.570965,6,
106.709541,26.575865,6,
106.700401,26.619164,6,
106.652962,26.613407,6,
106.713478,26.578342,6,
106.713478,26.578342,6,
106.791191,26.535374,6,
106.701881,26.609137,6,
106.896339,27.172375,6,
106.711128,26.583845,6,
106.729645,26.577702,6,
106.644806,26.697342,6,
106.713478,26.578342,5,
106.713478,26.578342,5,
106.713478,26.578342,5,
106.71743,26.576881,5,
106.71743,26.576881,5,
106.713478,26.578342,5,
106.656113,26.687569,5,
106.709961,26.582104,5,
106.647934,26.690889,5,
106.791534,26.504086,5,
106.6894,26.557339,5,
106.672745,26.42971,5,
106.686691,26.562954,5,
106.713478,26.578342,5,
106.713478,26.578342,5,
106.705956,26.589622,5,
106.796448,26.637022,5,
106.626617,26.677519,5,
106.740158,26.566738,5,
106.631927,26.677397,5,
106.713478,26.578342,5,
106.627335,26.577164,5,
106.616791,26.631199,5,
106.6259,26.631792,5,
106.633797,26.606878,5,
106.634453,26.590525,5,
106.633797,26.606878,5,
106.623085,26.71176,5,
106.687813,26.601088,5,
106.713493,26.591028,5,
106.721748,26.577696,5,
106.702972,26.590935,5,
106.702972,26.590935,5,
106.670784,26.580011,5,
106.696739,26.73176,5,
106.696739,26.73176,5,
106.713478,26.578342,5,
106.713478,26.578342,5,
106.700691,26.579603,5,
106.713478,26.578342,5,
106.713478,26.578342,5,
106.713478,26.578342,5,
106.675568,26.427696,5,
106.713478,26.578342,5,
106.642563,26.616751,5,
106.874229,26.59799,5,
106.713478,26.578342,5,
106.660042,26.582111,5,
106.672707,26.588068,5,
106.698227,26.575706,5,
106.701584,26.577066,5,
106.75293,26.588957,5,
106.668556,26.47438,5,
106.665833,26.587345,4,
106.703758,26.597631,4,
106.713478,26.578342,4,
106.656097,26.693487,4,
106.725029,26.5965,4,
106.675652,26.442024,4,
106.713478,26.578342,4,
106.713478,26.578342,4,
106.709785,26.551121,4,
106.629883,26.685696,4,
106.713478,26.578342,4,
106.715691,26.68771,4,
106.663177,26.575644,4,
106.656113,26.687569,4,
106.713478,26.578342,4,
106.422607,26.522638,4,
106.700302,26.567163,4,
106.675087,26.613211,4,
106.776398,26.556984,4,
106.689896,26.696011,4,
106.713478,26.578342,4,
106.713478,26.578342,4,
106.713478,26.578342,4,
106.697189,26.481056,4,
106.713478,26.578342,4,
106.713478,26.578342,4,
106.660629,26.436087,4,
106.698242,26.526424,4,
106.724426,26.560286,4,
106.670792,26.639412,4,
106.713478,26.578342,4,
106.630142,26.64765,4,
106.625572,26.599075,4,
106.713478,26.578342,4,
106.753838,26.532093,4,
106.800209,26.540691,4,
106.734772,26.534588,4,
106.72142,26.60479,4,
106.644951,26.680933,4,
106.713478,26.578342,4,
106.619598,26.655811,4,
106.713478,26.578342,4,
106.725555,26.601501,4,
106.713478,26.578342,4,
106.630142,26.64765,4,
106.758415,26.549013,4,
106.71125,26.579899,4,
106.713478,26.578342,4,
107.009972,27.297682,4,
106.611,26.46781,4,
106.612808,26.613518,4,
106.699066,26.521275,4,
106.713478,26.578342,4,
106.638779,26.682695,4,
106.714668,26.577244,4,
106.708427,26.486496,4,
106.736443,26.591801,4,
106.873672,26.732695,4,
106.896339,27.172375,4,
106.705154,26.534538,4,
106.761177,26.553411,4,
106.608017,26.652376,4,
106.670891,26.685125,4,
106.61657,26.680517,4,
106.713478,26.578342,3,
106.70266,26.599695,3,
106.713478,26.578342,3,
106.713478,26.578342,3,
106.504425,26.769438,3,
106.765602,26.634569,3,
106.681198,26.587034,3,
106.67289,26.426933,3,
106.624634,26.69446,3,
106.713478,26.578342,3,
106.713272,26.432577,3,
106.731827,27.156282,3,
106.623474,26.573393,3,
107.136871,27.224865,3,
106.682396,26.624092,3,
106.662819,26.602882,3,
106.713478,26.578342,3,
106.734818,26.545599,3,
106.734818,26.545599,3,
106.705902,26.580437,3,
106.647926,26.616529,3,
106.796989,26.544811,3,
106.710045,26.575588,3,
106.689484,26.547905,3,
106.713478,26.578342,3,
106.365883,26.494011,3,
106.747986,26.62339,3,
106.627579,26.630226,3,
106.705406,26.579285,3,
106.65612,26.691145,3,
106.703896,26.573994,3,
106.713478,26.578342,3,
106.685501,26.588625,3,
106.608879,26.671062,3,
106.713478,26.578342,3,
106.705544,26.534979,3,
106.723373,26.542017,3,
106.651276,26.616699,3,
106.713478,26.578342,3,
106.709854,26.566055,3,
106.698273,26.568829,3,
106.70491,26.435534,3,
106.676292,26.459194,3,
106.364899,26.781099,3,
106.713478,26.578342,3,
106.73539,26.543547,3,
106.713478,26.578342,3,
106.675034,26.422853,3,
106.713478,26.578342,3,
106.646805,26.639296,3,
106.644089,26.637243,3,
106.67598,26.430107,3,
106.713478,26.578342,3,
106.713478,26.578342,3,
106.575752,26.582638,3,
106.625633,26.606936,3,
106.713478,26.578342,3,
106.624359,26.601307,3,
106.626122,26.634977,3,
106.654434,26.531471,3,
106.713478,26.578342,3,
106.666183,26.702688,3,
106.713478,26.578342,3,
106.713478,26.578342,3,
106.713478,26.578342,3,
106.713478,26.578342,3,
106.614197,26.631264,3,
106.662399,26.65284,3,
106.711769,26.615089,3,
106.661087,26.594246,3,
106.778557,26.539078,3,
106.711525,26.582512,3,
106.644951,26.680933,3,
106.712662,26.606632,3,
106.697205,26.439362,3,
106.746918,26.447689,3,
106.713478,26.578342,3,
106.629608,26.673716,3,
106.681595,26.540396,3,
106.704147,26.550171,3,
106.791191,26.535374,3,
106.727699,26.503181,3,
106.637405,26.990185,3,
106.713478,26.578342,3,
106.696579,26.508501,3,
106.724617,26.585808,3,
106.683357,26.589138,3,
106.713478,26.578342,3,
106.713478,26.578342,3,
106.695259,26.590057,3,
106.743935,26.340658,3,
106.470276,26.551289,3,
106.713478,26.578342,3,
106.713478,26.578342,3,
106.613663,26.615076,3,
106.713478,26.578342,3,
106.493584,26.943615,3,
106.723465,26.583,3,
106.713478,26.578342,3,
106.661087,26.594246,3,
106.600746,26.457312,3,
106.712921,26.612606,3,
106.639282,26.600107,3,
106.726768,26.562946,3,
106.713478,26.578342,3,
106.713478,26.578342,3,
106.713478,26.578342,3,
106.495285,26.807076,3,
106.733078,26.572252,3,
106.713478,26.578342,3,
106.710175,26.582043,3,
106.798286,26.546122,3,
106.713478,26.578342,3,
106.654198,26.683914,3,
106.713478,26.578342,3,
106.6091,26.592314,3,
106.713478,26.578342,3,
106.721588,26.569923,3,
106.348442,26.816587,3,
106.713478,26.578342,3,
106.655693,26.479408,3,
107.056549,26.916967,3,
106.703392,26.58009,3,
106.713478,26.578342,3,
106.713478,26.578342,3,
106.67318,26.560028,3,
106.908134,27.096773,3,
106.647003,26.624058,3,
106.661934,26.625347,3,
106.665863,26.453056,3,
106.626633,26.623713,3,
106.660835,26.496407,3,
106.711815,26.557262,3,
106.874229,26.59799,3,
106.702698,26.553286,3,
106.709427,26.587549,3,
106.624535,26.676973,3,
106.711037,26.522951,3,
106.458313,26.979321,3,
106.555641,26.656746,3,
106.716278,26.571924,3,
106.633034,26.676849,2,
106.694687,26.564808,2,
106.713478,26.578342,2,
106.713478,26.578342,2,
106.713478,26.578342,2,
106.805832,26.591085,2,
106.611198,26.61932,2,
106.713478,26.578342,2,
106.713478,26.578342,2,
106.724823,26.576601,2,
106.633034,26.676849,2,
106.623528,26.681202,2,
106.641747,26.682751,2,
106.725029,26.5965,2,
106.717834,26.604099,2,
106.696098,26.612944,2,
106.713478,26.578342,2,
106.713478,26.578342,2,
106.713478,26.578342,2,
106.654526,26.592924,2,
106.713478,26.578342,2,
106.701546,26.589918,2,
106.714233,26.547215,2,
106.713478,26.578342,2,
106.713478,26.578342,2,
106.713478,26.578342,2,
106.686691,26.562954,2,
106.713478,26.578342,2,
106.713478,26.578342,2,
106.717224,26.578436,2,
106.713478,26.578342,2,
106.713478,26.578342,2,
106.634895,26.589556,2,
106.620567,26.646929,2,
106.615768,26.618315,2,
106.71978,26.571102,2,
106.328789,26.511824,2,
106.671097,26.641851,2,
106.671333,26.646412,2,
106.713478,26.578342,2,
106.713478,26.578342,2,
106.713478,26.578342,2,
106.72966,26.581539,2,
106.736649,26.545851,2,
106.707977,26.573576,2,
106.707977,26.573576,2,
106.683273,26.669699,2,
106.713478,26.578342,2,
106.713478,26.578342,2,
106.626556,26.603853,2,
106.705193,26.575735,2,
106.713478,26.578342,2,
106.713478,26.578342,2,
106.690872,26.517221,2,
106.707977,26.573576,2,
106.813087,26.295555,2,
106.713478,26.578342,2,
106.700806,26.618265,2,
106.722458,26.572739,2,
106.661324,26.594971,2,
106.713478,26.578342,2,
106.713478,26.578342,2,
106.713478,26.578342,2,
106.713478,26.578342,2,
106.706367,26.595064,2,
106.422607,26.522638,2,
106.698357,26.499851,2,
106.713478,26.578342,2,
106.711143,26.577768,2,
106.713478,26.578342,2,
106.713478,26.578342,2,
106.707977,26.573576,2,
106.68454,26.557634,2,
106.694687,26.564808,2,
106.694687,26.564808,2,
106.689247,26.558886,2,
106.673698,26.46669,2,
106.668198,26.322058,2,
106.713478,26.578342,2,
106.660629,26.436087,2,
106.667984,26.408731,2,
106.675835,26.432987,2,
106.611,26.46781,2,
106.675568,26.427696,2,
106.713478,26.578342,2,
106.71067,26.612314,2,
106.71067,26.612314,2,
106.643875,26.640663,2,
106.686829,26.560621,2,
106.713478,26.578342,2,
106.717033,26.569872,2,
106.700615,26.582352,2,
106.698158,26.565378,2,
106.698158,26.565378,2,
106.662132,26.476692,2,
106.646683,26.574087,2,
106.646233,26.607267,2,
106.713478,26.578342,2,
106.367195,26.574751,2,
106.651222,26.581366,2,
106.713478,26.578342,2,
106.713478,26.578342,2,
106.624428,26.647596,2,
106.713478,26.578342,2,
106.6091,26.592314,2,
106.713478,26.578342,2,
106.713478,26.578342,2,
106.713478,26.578342,2,
106.62207,26.657286,2,
106.713478,26.578342,2,
106.663452,26.65098,2,
106.903244,27.221123,2,
106.903244,27.221123,2,
106.713478,26.578342,2,
106.713478,26.578342,2,
106.713478,26.578342,2,
106.713478,26.578342,2,
106.713478,26.578342,2,
106.713478,26.578342,2,
106.505394,26.67317,2,
106.540085,26.411207,2,
106.658646,26.708271,2,
106.720909,26.582449,2,
106.713478,26.578342,2,
106.772041,26.649,2,
106.786629,27.240156,2,
106.72142,26.60479,2,
106.700691,26.579603,2,
106.713478,26.578342,2,
106.712662,26.606632,2,
106.646721,26.588083,2,
106.486572,26.771858,2,
106.713478,26.578342,2,
106.65239,26.639196,2,
106.713478,26.578342,2,
106.627548,26.647949,2,
106.687813,26.601088,2,
106.687813,26.601088,2,
106.687813,26.601088,2,
106.688873,26.533894,2,
106.713478,26.578342,2,
106.713478,26.578342,2,
106.713478,26.578342,2,
106.713478,26.578342,2,
106.61338,26.674732,2,
106.715965,26.573742,2,
106.690872,26.517221,2,
106.723732,26.55929,2,
106.718697,26.565548,2,
106.713478,26.578342,2,
106.713478,26.578342,2,
106.713478,26.578342,2,
106.713478,26.578342,2,
106.703835,26.604342,2,
106.713768,26.586901,2,
106.713478,26.578342,2,
106.713478,26.578342,2,
106.784866,26.704079,2,
106.698402,26.494118,2,
106.713478,26.578342,2,
106.713478,26.578342,2,
106.713478,26.578342,2,
106.709785,26.551121,2,
106.693703,26.524946,2,
106.717667,26.575972,2,
106.710609,26.595425,2,
106.713478,26.578342,2,
106.607513,26.637249,2,
106.713478,26.578342,2,
106.732544,26.589809,2,
106.713478,26.578342,2,
106.713478,26.578342,2,
106.713478,26.578342,2,
106.793915,26.541929,2,
106.704712,26.554832,2,
106.715591,26.493889,2,
106.203865,26.840315,2,
106.672218,26.4132,2,
106.713478,26.578342,2,
106.713478,26.578342,2,
106.720993,26.610138,2,
106.713478,26.578342,2,
106.731964,26.60619,2,
106.713478,26.578342,2,
106.753036,26.630733,2,
106.772041,26.649,2,
106.762123,26.630928,2,
106.696892,26.575239,2,
106.713478,26.578342,2,
106.713478,26.578342,2,
106.604256,26.580578,2,
106.671478,26.59326,2,
106.713478,26.578342,2,
106.71936,26.508871,2,
106.713478,26.578342,2,
106.675171,26.498095,2,
106.670532,26.435375,2,
106.709663,26.585861,2,
106.619637,26.705164,2,
106.695183,26.518324,2,
106.793747,26.536119,2,
106.896339,27.172375,2,
106.896339,27.172375,2,
106.725006,26.471115,2,
106.896339,27.172375,2,
106.697357,26.509306,2,
106.711037,26.522951,2,
106.697891,26.512007,2,
106.896339,27.172375,2,
106.873672,26.732695,2,
106.713478,26.578342,2,
106.896339,27.172375,2,
106.873672,26.732695,2,
106.713478,26.578342,2,
106.896339,27.172375,2,
106.873672,26.732695,2,
106.585266,26.609922,2,
106.678581,26.507217,2,
106.772758,26.629862,2,
106.713074,26.563587,2,
106.718697,26.565548,2,
106.776695,26.636515,2,
106.740295,26.618521,2,
106.619247,26.642923,2,
106.714149,26.575357,2,
106.716164,26.567432,2,
106.625679,26.621147,2,
106.671577,26.426414,2,
106.676834,26.427803,2,
106.660286,26.596504,2,
106.651505,26.669077,2,
106.644638,26.622646,2,
106.713478,26.578342,2,
106.545906,26.558344,2,
106.648865,26.68944,2,
106.624146,26.596979,2,
106.641815,26.584881,2,
106.713478,26.578342,2,
106.688889,26.558643,2,
106.703972,26.598547,2,
106.659134,26.426508,2,
106.713478,26.578342,2,
106.715981,26.590023,2,
106.713478,26.578342,2,
106.713478,26.578342,2,
106.713478,26.578342,2,
106.614334,26.68811,2,
106.666466,26.696053,2,
106.711815,26.557262,2,
106.713478,26.578342,2,
106.722855,26.520603,2,
106.713722,26.579193,2,
106.670891,26.685125,2,
106.724197,26.577965,2,
106.64325,26.639051,2,
106.770599,26.630951,2,
106.54985,26.656837,2,
106.713478,26.578342,2,
106.713478,26.578342,1,
106.654526,26.592924,1,
106.62365,26.628647,1,
106.193657,26.841383,1,
106.723953,26.60166,1,
106.707787,26.579903,1,
106.713478,26.578342,1,
106.665817,26.428902,1,
106.63456,26.646338,1,
106.631378,26.603106,1,
106.663452,26.65098,1,
106.713478,26.578342,1,
106.638451,26.605957,1,
106.707085,26.601982,1,
106.713478,26.578342,1,
106.762123,26.630928,1,
106.671478,26.59326,1,
106.718697,26.565548,1,
106.776695,26.636515,1,
106.713478,26.578342,1,
106.713478,26.578342,1,
106.713478,26.578342,1,
106.713478,26.578342,1,
106.713478,26.578342,1,
106.68737,26.521219,1,
106.713478,26.578342,1,
106.660858,26.728746,1,
106.713478,26.578342,1,
106.713478,26.578342,1,
106.713478,26.578342,1,
106.713478,26.578342,1,
106.713478,26.578342,1,
106.713478,26.578342,1,
106.79718,26.542217,1,
106.713478,26.578342,1,
106.633034,26.676849,1,
106.713478,26.578342,1,
106.704315,26.586245,1,
106.713478,26.578342,1,
106.713478,26.578342,1,
106.704926,26.579248,1,
106.714233,26.547215,1,
106.721954,26.562857,1,
106.713478,26.578342,1,
106.713478,26.578342,1,
106.661522,26.7216,1,
106.713478,26.578342,1,
106.713478,26.578342,1,
106.656685,26.6957,1,
106.713478,26.578342,1,
106.713478,26.578342,1,
106.586189,26.635067,1,
106.633034,26.676849,1,
106.631348,26.684677,1,
106.633034,26.676849,1,
106.659264,26.661005,1,
106.642616,26.673193,1,
106.642616,26.673193,1,
106.641747,26.682751,1,
106.661522,26.7216,1,
106.659264,26.661005,1,
106.642616,26.673193,1,
106.656113,26.687569,1,
106.633034,26.676849,1,
106.633034,26.676849,1,
106.63929,26.679272,1,
106.642616,26.673193,1,
106.662827,26.689226,1,
106.633034,26.676849,1,
106.609306,26.735775,1,
106.621681,26.678789,1,
106.61496,26.681147,1,
106.696739,26.73176,1,
106.654198,26.683914,1,
106.657066,26.686386,1,
106.622765,26.678108,1,
106.616554,26.680508,1,
106.641747,26.682751,1,
106.641747,26.682751,1,
106.641747,26.682751,1,
106.659264,26.661005,1,
106.627953,26.683949,1,
106.641747,26.682751,1,
106.633034,26.676849,1,
106.725075,26.594143,1,
106.468788,26.577648,1,
106.468788,26.577648,1,
106.732834,26.596632,1,
106.709686,26.611658,1,
106.713478,26.578342,1,
106.713478,26.578342,1,
106.637329,26.588463,1,
106.744026,26.48247,1,
106.737907,26.476665,1,
106.597542,26.668816,1,
106.713478,26.578342,1,
106.512146,26.585352,1,
106.713478,26.578342,1,
106.721497,26.585793,1,
106.721497,26.585793,1,
106.713478,26.578342,1,
106.718956,26.586994,1,
107.107574,26.88413,1,
106.713478,26.578342,1,
106.713478,26.578342,1,
106.713478,26.578342,1,
106.713478,26.578342,1,
106.759438,26.610212,1,
106.713478,26.578342,1,
106.713478,26.578342,1,
106.713478,26.578342,1,
106.713478,26.578342,1,
106.713478,26.578342,1,
106.713478,26.578342,1,
106.713478,26.578342,1,
106.709999,26.594917,1,
106.713478,26.578342,1,
106.699753,26.588825,1,
106.706367,26.595064,1,
106.699753,26.588825,1,
106.699753,26.588825,1,
106.718437,26.596018,1,
106.699753,26.588825,1,
106.713478,26.578342,1,
106.654526,26.592924,1,
106.654526,26.592924,1,
106.709991,26.577501,1,
106.69722,26.587908,1,
106.709999,26.594917,1,
106.701546,26.589918,1,
106.713478,26.578342,1,
106.713478,26.578342,1,
106.714233,26.547215,1,
106.713478,26.578342,1,
106.648415,26.619724,1,
106.713478,26.578342,1,
106.622314,26.625082,1,
106.713478,26.578342,1,
106.62365,26.628647,1,
106.713478,26.578342,1,
106.713478,26.578342,1,
106.713478,26.578342,1,
106.713478,26.578342,1,
106.62365,26.628647,1,
106.713478,26.578342,1,
106.713478,26.578342,1,
106.718178,26.572268,1,
106.713478,26.578342,1,
106.713478,26.578342,1,
106.713478,26.578342,1,
106.713478,26.578342,1,
106.713478,26.578342,1,
106.420685,26.676815,1,
106.713478,26.578342,1,
106.713478,26.578342,1,
106.713478,26.578342,1,
106.713478,26.578342,1,
106.714333,26.57291,1,
106.651375,26.55876,1,
106.713478,26.578342,1,
106.653412,26.563597,1,
106.634895,26.589556,1,
106.328835,26.662464,1,
106.621193,26.596327,1,
106.713478,26.578342,1,
106.724602,26.603279,1,
106.695595,26.496786,1,
106.675652,26.442024,1,
106.712723,26.570118,1,
106.686081,26.550331,1,
106.687714,26.566031,1,
106.621445,26.620359,1,
106.620331,26.647514,1,
106.745522,26.62751,1,
106.713478,26.578342,1,
107.208305,26.853546,1,
106.705109,26.574856,1,
106.713478,26.578342,1,
106.615768,26.618315,1,
106.623474,26.573393,1,
106.624939,26.708754,1,
106.713478,26.578342,1,
106.713478,26.578342,1,
106.713478,26.578342,1,
106.713478,26.578342,1,
106.675751,26.627235,1,
106.671333,26.646412,1,
106.671333,26.646412,1,
106.713478,26.578342,1,
106.626488,26.568424,1,
106.713478,26.578342,1,
106.710953,26.550684,1,
106.638779,26.682695,1,
106.713478,26.578342,1,
106.624229,26.710478,1,
106.716629,26.512934,1,
106.713478,26.578342,1,
106.721703,26.598305,1,
106.724457,26.601025,1,
106.723953,26.60166,1,
106.723953,26.60166,1,
106.668198,26.322058,1,
106.212379,26.81967,1,
106.597031,26.384493,1,
106.713478,26.578342,1,
106.713478,26.578342,1,
106.713478,26.578342,1,
106.620262,26.609875,1,
106.713478,26.578342,1,
106.620529,26.613163,1,
106.731377,26.573214,1,
106.713478,26.578342,1,
106.713478,26.578342,1,
106.713478,26.578342,1,
106.815964,26.637688,1,
106.713478,26.578342,1,
106.713478,26.578342,1,
106.983566,27.049526,1,
106.713478,26.578342,1,
106.713478,26.578342,1,
106.713478,26.578342,1,
106.727554,26.582226,1,
106.713478,26.578342,1,
106.713478,26.578342,1,
106.983566,27.049526,1,
106.720169,26.579826,1,
106.73304,26.567936,1,
106.73304,26.567936,1,
106.736649,26.545851,1,
106.713478,26.578342,1,
106.713478,26.578342,1,
106.713478,26.578342,1,
106.713478,26.578342,1,
106.718025,26.558584,1,
106.705215,26.573921,1,
106.705215,26.573921,1,
106.713478,26.578342,1,
106.713478,26.578342,1,
106.67144,26.461758,1,
106.65995,26.554966,1,
106.643951,26.377733,1,
106.713478,26.578342,1,
106.713478,26.578342,1,
106.734116,26.50421,1,
106.734116,26.50421,1,
106.722542,26.517748,1,
106.713478,26.578342,1,
106.973557,27.057806,1,
106.973557,27.057806,1,
106.713478,26.578342,1,
106.622475,26.620193,1,
106.713478,26.578342,1,
106.706398,26.557251,1,
106.70829,26.558817,1,
106.707771,26.558811,1,
106.684654,26.579327,1,
106.713478,26.578342,1,
106.713478,26.578342,1,
106.713478,26.578342,1,
106.713478,26.578342,1,
106.713478,26.578342,1,
106.654984,26.584764,1,
106.707787,26.579903,1,
106.707787,26.579903,1,
106.698837,26.568872,1,
106.713478,26.578342,1,
106.689484,26.547905,1,
106.357315,26.679672,1,
106.357315,26.679672,1,
106.357315,26.679672,1,
106.357315,26.679672,1,
106.704155,27.117645,1,
106.730598,26.583872,1,
106.73996,26.556244,1,
106.713478,26.578342,1,
106.69474,26.426958,1,
106.705193,26.575735,1,
106.713478,26.578342,1,
106.713478,26.578342,1,
106.714218,26.579548,1,
106.73996,26.556244,1,
106.739235,26.557919,1,
106.739235,26.557919,1,
106.717468,26.56798,1,
106.667107,26.577599,1,
106.663177,26.575644,1,
106.713478,26.578342,1,
106.713478,26.578342,1,
106.713478,26.578342,1,
106.690872,26.517221,1,
106.690872,26.517221,1,
106.677254,26.520472,1,
106.677254,26.520472,1,
106.677254,26.520472,1,
106.679199,26.52569,1,
106.672035,26.517393,1,
106.789932,26.520927,1,
106.690872,26.517221,1,
106.713478,26.578342,1,
106.713478,26.578342,1,
106.713478,26.578342,1,
106.796448,26.637022,1,
106.646523,26.621628,1,
106.783669,26.68549,1,
106.713478,26.578342,1,
106.713478,26.578342,1,
106.713478,26.578342,1,
106.713478,26.578342,1,
106.713478,26.578342,1,
106.652641,26.689512,1,
106.652641,26.689512,1,
106.649948,26.687178,1,
106.713478,26.578342,1,
106.652641,26.689512,1,
106.713478,26.578342,1,
106.713478,26.578342,1,
106.713478,26.578342,1,
106.680786,26.53019,1,
106.680786,26.53019,1,
106.727692,26.571327,1,
106.624687,26.654959,1,
106.718407,26.600471,1,
106.713478,26.578342,1,
106.654526,26.592924,1,
106.620544,26.645193,1,
106.636749,26.647318,1,
106.636749,26.647318,1,
106.713478,26.578342,1,
106.636749,26.647318,1,
106.631378,26.603106,1,
106.654434,26.531471,1,
106.59021,26.628883,1,
106.713478,26.578342,1,
106.62632,26.646358,1,
106.626556,26.603853,1,
106.642693,26.604078,1,
106.620247,26.600557,1,
106.644539,26.608671,1,
106.636749,26.647318,1,
106.636749,26.647318,1,
106.727692,26.571327,1,
106.727692,26.571327,1,
106.59021,26.628883,1,
106.713478,26.578342,1,
106.710106,26.567318,1,
106.722343,26.568531,1,
106.713478,26.578342,1,
106.713478,26.578342,1,
106.713478,26.578342,1,
106.559959,26.444769,1,
106.713478,26.578342,1,
106.713478,26.578342,1,
106.551353,26.396906,1,
106.713478,26.578342,1,
106.713478,26.578342,1,
106.713478,26.578342,1,
106.713478,26.578342,1,
106.651939,26.447037,1,
106.713478,26.578342,1,
106.713478,26.578342,1,
106.713478,26.578342,1,
106.713478,26.578342,1,
106.736404,26.560074,1,
106.604256,26.580578,1,
106.422607,26.522638,1,
106.422607,26.522638,1,
106.74025,26.486959,1,
106.725754,26.4655,1,
106.725754,26.4655,1,
106.725754,26.4655,1,
106.713478,26.578342,1,
106.72068,26.60264,1,
106.978302,27.046478,1,
106.978302,27.046478,1,
106.713478,26.578342,1,
106.791534,26.504086,1,
106.654419,26.692591,1,
106.713478,26.578342,1,
106.714592,26.58077,1,
106.713478,26.578342,1,
106.716187,26.594683,1,
106.717644,26.597292,1,
106.773972,26.489143,1,
106.713478,26.578342,1,
106.665977,26.58898,1,
106.669441,26.462729,1,
106.713478,26.578342,1,
106.713478,26.578342,1,
106.626633,26.623713,1,
106.713478,26.578342,1,
106.734818,26.545599,1,
106.713478,26.578342,1,
106.700706,26.573458,1,
106.713478,26.578342,1,
106.7117,26.566376,1,
106.703758,26.597631,1,
106.705193,26.575735,1,
106.713478,26.578342,1,
106.670731,26.422468,1,
106.713478,26.578342,1,
106.713478,26.578342,1,
106.713478,26.578342,1,
106.713478,26.578342,1,
106.631378,26.603106,1,
106.713478,26.578342,1,
106.717857,26.572397,1,
106.712814,26.450104,1,
106.711815,26.557262,1,
106.703644,26.614153,1,
106.645348,26.612413,1,
106.713478,26.578342,1,
106.713478,26.578342,1,
106.675171,26.498095,1,
106.776398,26.556984,1,
106.714622,26.598888,1,
106.714622,26.598888,1,
106.606239,26.618111,1,
106.713478,26.578342,1,
106.713478,26.578342,1,
106.712479,26.593538,1,
106.713478,26.578342,1,
106.6894,26.557339,1,
106.468658,26.569588,1,
106.669769,26.461954,1,
106.691338,26.559229,1,
106.713478,26.578342,1,
106.689896,26.696011,1,
106.666161,26.58716,1,
106.666161,26.58716,1,
106.670036,26.578894,1,
106.713478,26.578342,1,
106.686691,26.562954,1,
106.686691,26.562954,1,
106.713478,26.578342,1,
106.713478,26.578342,1,
106.713478,26.578342,1,
106.685501,26.588625,1,
106.691383,26.582718,1,
106.713478,26.578342,1,
106.713478,26.578342,1,
106.703049,26.503117,1,
106.703049,26.503117,1,
106.713478,26.578342,1,
106.713478,26.578342,1,
106.76078,26.643312,1,
106.713478,26.578342,1,
106.713478,26.578342,1,
106.548569,26.568981,1,
106.713478,26.578342,1,
106.713478,26.578342,1,
106.713478,26.578342,1,
106.632904,26.475983,1,
106.713478,26.578342,1,
106.562035,26.587656,1,
106.787827,27.237614,1,
106.713478,26.578342,1,
106.899391,27.204494,1,
106.720833,26.576139,1,
106.713478,26.578342,1,
106.708466,26.578051,1,
106.713478,26.578342,1,
106.713478,26.578342,1,
106.647995,26.633875,1,
106.713478,26.578342,1,
106.751823,26.577526,1,
106.713478,26.578342,1,
106.713478,26.578342,1,
106.697876,26.476473,1,
106.713478,26.578342,1,
106.713478,26.578342,1,
106.713478,26.578342,1,
106.713478,26.578342,1,
106.713478,26.578342,1,
106.713478,26.578342,1,
106.713478,26.578342,1,
106.706352,26.546093,1,
106.722931,26.545492,1,
106.536484,26.444973,1,
106.714729,26.588932,1,
106.717667,26.575972,1,
106.713478,26.578342,1,
106.746674,26.652374,1,
106.670143,26.557484,1,
106.713478,26.578342,1,
106.69516,26.569145,1,
106.688126,26.563801,1,
106.694687,26.564808,1,
106.694809,26.56893,1,
106.694687,26.564808,1,
106.694687,26.564808,1,
106.694687,26.564808,1,
106.713478,26.578342,1,
106.684052,26.567724,1,
106.684006,26.566973,1,
106.665817,26.428902,1,
106.72831,26.432331,1,
106.660629,26.436087,1,
106.670792,26.410463,1,
106.689247,26.558886,1,
106.67289,26.426933,1,
106.671295,26.443398,1,
106.677307,26.436302,1,
106.713272,26.432577,1,
106.713478,26.578342,1,
106.713478,26.578342,1,
106.689247,26.558886,1,
106.677254,26.520472,1,
106.675964,26.495596,1,
106.689247,26.558886,1,
106.689247,26.558886,1,
106.689247,26.558886,1,
106.688889,26.558643,1,
106.681549,26.508089,1,
106.689247,26.558886,1,
106.689247,26.558886,1,
106.713478,26.578342,1,
106.713478,26.578342,1,
106.73539,26.543547,1,
106.672745,26.42971,1,
106.67598,26.43008,1,
106.668427,26.436033,1,
106.713478,26.578342,1,
106.626617,26.677519,1,
106.713478,26.578342,1,
106.654434,26.531471,1,
106.713478,26.578342,1,
106.713478,26.578342,1,
106.67408,26.320183,1,
106.749146,26.409456,1,
106.687813,26.601088,1,
106.713478,26.578342,1,
106.699638,26.571299,1,
106.671059,26.420206,1,
106.713478,26.578342,1,
106.713478,26.578342,1,
106.694359,26.324745,1,
106.680672,26.437275,1,
106.677315,26.420406,1,
106.713478,26.578342,1,
106.670792,26.410463,1,
106.670792,26.410463,1,
106.670792,26.410463,1,
106.725883,26.413965,1,
106.632904,26.475983,1,
106.670792,26.410463,1,
106.670792,26.410463,1,
106.75296,26.406002,1,
106.75296,26.406002,1,
106.670792,26.410463,1,
106.677208,26.413132,1,
106.670792,26.410463,1,
106.671272,26.417274,1,
106.672218,26.4132,1,
106.666496,26.377066,1,
106.587952,26.326771,1,
106.696342,26.513048,1,
106.672035,26.517393,1,
106.687714,26.566031,1,
107.009972,27.297682,1,
106.713478,26.578342,1,
106.713478,26.578342,1,
106.672218,26.4132,1,
106.672218,26.4132,1,
106.670517,26.472645,1,
106.682274,26.374565,1,
106.675568,26.427696,1,
106.713478,26.578342,1,
106.713478,26.578342,1,
106.713478,26.578342,1,
106.713478,26.578342,1,
106.67907,26.407965,1,
106.659134,26.426508,1,
106.697884,26.574417,1,
106.697884,26.574417,1,
106.697884,26.574417,1,
106.697884,26.574417,1,
106.627739,26.4681,1,
106.675964,26.495596,1,
106.719093,26.584513,1,
106.713516,26.607193,1,
106.713478,26.578342,1,
106.713478,26.578342,1,
106.713478,26.578342,1,
106.713478,26.578342,1,
106.713478,26.578342,1,
106.765236,26.633108,1,
106.697357,26.509306,1,
106.697357,26.509306,1,
106.697357,26.509306,1,
106.701691,26.519905,1,
106.699348,26.512735,1,
106.666321,26.578594,1,
106.77108,27.221773,1,
106.678886,26.553539,1,
106.830925,26.521942,1,
106.64325,26.639051,1,
106.64325,26.639051,1,
106.660629,26.436087,1,
106.60952,26.562569,1,
106.60952,26.562569,1,
106.796448,26.543182,1,
106.798622,26.544077,1,
106.797691,26.541695,1,
106.720863,26.580183,1,
106.748276,26.565149,1,
106.713478,26.578342,1,
106.668427,26.436033,1,
106.668427,26.436033,1,
106.713478,26.578342,1,
106.713478,26.578342,1,
106.719528,26.562714,1,
,,1,
106.713478,26.578342,1,
106.713478,26.578342,1,
106.702049,26.581829,1,
106.713478,26.578342,1,
106.713478,26.578342,1,
106.713478,26.578342,1,
106.666695,26.553419,1,
106.665817,26.428902,1,
106.665817,26.428902,1,
106.687813,26.601088,1,
106.665817,26.428902,1,
106.665817,26.428902,1,
106.669968,26.583414,1,
106.676842,26.500313,1,
106.626617,26.677519,1,
106.713478,26.578342,1,
106.631119,26.691799,1,
106.713478,26.578342,1,
106.467728,26.583719,1,
106.713478,26.578342,1,
106.713478,26.578342,1,
106.713478,26.578342,1,
106.713478,26.578342,1,
106.713478,26.578342,1,
106.713478,26.578342,1,
106.713478,26.578342,1,
106.713478,26.578342,1,
106.698158,26.565378,1,
106.713478,26.578342,1,
106.698158,26.565378,1,
106.711105,26.559624,1,
106.740845,27.087652,1,
106.713478,26.578342,1,
106.713478,26.578342,1,
106.713478,26.578342,1,
106.698395,26.565369,1,
106.713478,26.578342,1,
106.713478,26.578342,1,
106.725189,26.593145,1,
106.713608,26.601515,1,
106.713478,26.578342,1,
106.713478,26.578342,1,
106.644402,26.680153,1,
106.646683,26.574087,1,
106.713478,26.578342,1,
106.644646,26.573235,1,
106.642654,26.57235,1,
106.642227,26.567532,1,
106.713478,26.578342,1,
106.713478,26.578342,1,
106.575752,26.582638,1,
106.575752,26.582638,1,
106.575752,26.582638,1,
106.575752,26.582638,1,
106.57412,26.568573,1,
106.634392,26.65127,1,
106.546333,26.566948,1,
106.713478,26.578342,1,
106.713478,26.578342,1,
106.584557,26.586281,1,
107.005157,27.146761,1,
106.5093,26.461422,1,
106.713478,26.578342,1,
106.611382,26.652178,1,
106.713478,26.578342,1,
106.706711,26.576178,1,
106.523735,26.572842,1,
106.713478,26.578342,1,
106.587257,26.609522,1,
106.688782,26.569565,1,
106.713478,26.578342,1,
106.713478,26.578342,1,
106.661926,26.723228,1,
106.661926,26.723228,1,
106.658287,26.686737,1,
106.658516,26.684126,1,
106.713478,26.578342,1,
106.713478,26.578342,1,
106.713478,26.578342,1,
106.713478,26.578342,1,
106.713478,26.578342,1,
106.620102,26.60989,1,
106.62365,26.628647,1,
106.713478,26.578342,1,
106.713478,26.578342,1,
106.713478,26.578342,1,
106.713478,26.578342,1,
106.713478,26.578342,1,
106.713478,26.578342,1,
106.713478,26.578342,1,
106.713478,26.578342,1,
106.718407,26.600471,1,
106.707596,26.595423,1,
106.707596,26.595423,1,
106.713478,26.578342,1,
106.713478,26.578342,1,
106.713478,26.578342,1,
106.713478,26.578342,1,
106.713478,26.578342,1,
106.713478,26.578342,1,
106.713478,26.578342,1,
106.955376,27.062733,1,
106.713478,26.578342,1,
106.713478,26.578342,1,
106.713478,26.578342,1,
106.713478,26.578342,1,
106.622475,26.620193,1,
106.713478,26.578342,1,
106.713478,26.578342,1,
106.713478,26.578342,1,
106.955376,27.062733,1,
106.65239,26.639196,1,
106.620247,26.600557,1,
106.713478,26.578342,1,
106.71151,26.591074,1,
106.713478,26.578342,1,
106.713478,26.578342,1,
106.713478,26.578342,1,
106.620544,26.645193,1,
106.622864,26.601362,1,
106.713478,26.578342,1,
106.617699,26.654324,1,
106.668823,26.582987,1,
106.955376,27.062733,1,
106.713478,26.578342,1,
106.955376,27.062733,1,
106.713478,26.578342,1,
106.631142,26.665501,1,
106.631142,26.665501,1,
106.713478,26.578342,1,
106.630684,26.645014,1,
106.631142,26.665501,1,
106.713478,26.578342,1,
106.626427,26.639929,1,
106.713478,26.578342,1,
106.844528,27.119249,1,
106.188866,26.813164,1,
106.643196,26.58156,1,
106.62207,26.657286,1,
106.641769,26.655354,1,
106.621994,26.653788,1,
106.621994,26.653788,1,
106.586182,26.655558,1,
106.713478,26.578342,1,
106.666435,26.495495,1,
106.903244,27.221123,1,
106.713478,26.578342,1,
106.713478,26.578342,1,
106.713478,26.578342,1,
106.713478,26.578342,1,
106.713478,26.578342,1,
106.72995,26.563345,1,
106.72995,26.563345,1,
108.806549,34.29261,1,
106.713478,26.578342,1,
106.713478,26.578342,1,
106.624191,26.618261,1,
106.713478,26.578342,1,
106.713478,26.578342,1,
106.713478,26.578342,1,
106.713478,26.578342,1,
106.678337,26.527102,1,
106.720459,26.549139,1,
106.713478,26.578342,1,
106.70755,26.462776,1,
106.698357,26.499851,1,
106.698402,26.494118,1,
106.701904,26.465,1,
106.699409,26.486336,1,
106.713478,26.578342,1,
106.713478,26.578342,1,
106.713478,26.578342,1,
106.673393,26.728874,1,
106.664818,26.716787,1,
106.774582,26.520336,1,
106.713478,26.578342,1,
106.711411,26.575296,1,
106.713478,26.578342,1,
106.713478,26.578342,1,
106.713478,26.578342,1,
106.713478,26.578342,1,
106.713478,26.578342,1,
106.657776,26.611137,1,
106.713478,26.578342,1,
106.698814,26.50563,1,
106.662399,26.65284,1,
106.501846,26.564188,1,
106.661537,26.559315,1,
106.701561,26.58721,1,
106.713478,26.578342,1,
106.713478,26.578342,1,
106.623283,26.630583,1,
106.713478,26.578342,1,
106.713478,26.578342,1,
106.635788,26.645247,1,
106.65239,26.639196,1,
106.605797,26.514969,1,
106.605797,26.514969,1,
106.605797,26.514969,1,
106.713478,26.578342,1,
106.610023,26.64571,1,
106.713478,26.578342,1,
106.713478,26.578342,1,
106.713478,26.578342,1,
106.708969,26.596758,1,
106.708969,26.596758,1,
106.713478,26.578342,1,
106.774536,26.551966,1,
106.776161,26.557962,1,
106.774536,26.551966,1,
106.713478,26.578342,1,
106.630898,26.601027,1,
106.630898,26.601027,1,
106.633087,26.600548,1,
106.623085,26.603807,1,
106.612968,26.648842,1,
106.626457,26.608458,1,
106.713478,26.578342,1,
106.713478,26.578342,1,
106.713478,26.578342,1,
106.713478,26.578342,1,
106.725143,26.583748,1,
106.660805,26.674303,1,
106.713478,26.578342,1,
106.713478,26.578342,1,
106.713478,26.578342,1,
106.713478,26.578342,1,
106.699425,26.5392,1,
106.630875,26.6952,1,
106.710106,26.612135,1,
106.713478,26.578342,1,
106.713478,26.578342,1,
106.623085,26.71176,1,
106.622658,26.722029,1,
106.622658,26.722029,1,
106.713478,26.578342,1,
106.713478,26.578342,1,
106.713478,26.578342,1,
106.810204,26.494778,1,
106.708427,26.50247,1,
106.701797,27.055546,1,
106.713478,26.578342,1,
106.649109,26.638275,1,
106.75296,26.406002,1,
106.746918,26.447689,1,
106.75296,26.406002,1,
106.75296,26.406002,1,
106.75296,26.406002,1,
106.75296,26.406002,1,
106.713478,26.578342,1,
106.687813,26.601088,1,
106.688873,26.533894,1,
106.715797,26.579239,1,
106.713478,26.578342,1,
106.713478,26.578342,1,
106.713478,26.578342,1,
106.713478,26.578342,1,
106.713478,26.578342,1,
106.713478,26.578342,1,
106.713478,26.578342,1,
106.675835,26.432987,1,
106.735092,26.588676,1,
106.713478,26.578342,1,
106.713478,26.578342,1,
106.743103,26.508003,1,
106.713478,26.578342,1,
106.713478,26.578342,1,
106.713478,26.578342,1,
106.624039,26.674351,1,
106.61338,26.674732,1,
106.61338,26.674732,1,
106.648506,26.369209,1,
106.713478,26.578342,1,
106.713478,26.578342,1,
106.713478,26.578342,1,
106.713478,26.578342,1,
106.715965,26.573742,1,
106.715965,26.573742,1,
106.713478,26.578342,1,
106.715965,26.573742,1,
106.715965,26.573742,1,
106.715965,26.573742,1,
106.736649,26.545851,1,
106.715965,26.573742,1,
106.715965,26.573742,1,
106.715965,26.573742,1,
106.715965,26.573742,1,
106.715965,26.573742,1,
106.706413,26.568016,1,
106.760902,26.540102,1,
106.747498,26.577255,1,
106.694687,26.564808,1,
106.675964,26.495596,1,
106.715965,26.573742,1,
106.717033,26.569872,1,
106.698158,26.565378,1,
106.715965,26.573742,1,
106.715965,26.573742,1,
106.708984,26.544371,1,
106.734024,26.500589,1,
106.725395,26.566786,1,
106.715965,26.573742,1,
106.715965,26.573742,1,
106.705841,26.577024,1,
106.70562,26.577229,1,
106.696823,26.538803,1,
106.693703,26.524946,1,
106.691338,26.559229,1,
106.746574,26.564716,1,
106.715965,26.573742,1,
106.692818,26.548128,1,
106.700073,26.560347,1,
106.715965,26.573742,1,
106.715965,26.573742,1,
106.715965,26.573742,1,
106.715965,26.573742,1,
106.715965,26.573742,1,
106.80648,26.516443,1,
106.715965,26.573742,1,
106.715965,26.573742,1,
106.715965,26.573742,1,
106.711815,26.557262,1,
106.736481,26.477444,1,
106.715965,26.573742,1,
106.725395,26.566786,1,
106.713478,26.578342,1,
106.703644,26.614153,1,
106.628723,26.650785,1,
106.7295,26.500605,1,
106.713478,26.578342,1,
106.713478,26.578342,1,
106.7332,26.460752,1,
106.7332,26.460752,1,
106.713478,26.578342,1,
106.729889,26.575129,1,
106.713478,26.578342,1,
106.713478,26.578342,1,
106.704857,26.519358,1,
106.707977,26.573576,1,
106.707977,26.573576,1,
106.730026,26.57564,1,
106.730026,26.57564,1,
106.7229,26.575287,1,
106.732681,26.572868,1,
106.713478,26.578342,1,
106.713478,26.578342,1,
106.713478,26.578342,1,
106.713478,26.578342,1,
106.713478,26.578342,1,
106.708939,26.513901,1,
106.713478,26.578342,1,
106.713478,26.578342,1,
106.713478,26.578342,1,
106.713478,26.578342,1,
106.635376,26.679111,1,
106.713478,26.578342,1,
106.713478,26.578342,1,
106.713478,26.578342,1,
106.713478,26.578342,1,
106.713478,26.578342,1,
106.713478,26.578342,1,
106.706627,26.527405,1,
106.713478,26.578342,1,
106.714806,26.587011,1,
106.713478,26.578342,1,
106.713478,26.578342,1,
106.721764,26.605017,1,
106.693764,26.595812,1,
106.693764,26.595812,1,
106.725685,26.606216,1,
106.713478,26.578342,1,
106.551353,26.396906,1,
106.713478,26.578342,1,
106.471275,26.546911,1,
106.687546,26.504929,1,
106.686234,26.552668,1,
106.694359,26.324745,1,
106.713478,26.578342,1,
106.694359,26.324745,1,
106.68927,26.326872,1,
106.713478,26.578342,1,
106.712708,26.564983,1,
106.678604,26.434629,1,
106.701927,26.507786,1,
106.677208,26.413132,1,
106.677208,26.413132,1,
106.677582,26.408735,1,
106.713478,26.578342,1,
106.48288,26.555748,1,
106.713478,26.578342,1,
106.640984,26.494925,1,
106.767509,26.617445,1,
106.713478,26.578342,1,
106.648201,26.482471,1,
106.713478,26.578342,1,
106.630142,26.64765,1,
106.696342,26.513048,1,
106.713478,26.578342,1,
106.713478,26.578342,1,
106.704315,26.586245,1,
106.704315,26.586245,1,
106.70562,26.577229,1,
106.70562,26.577229,1,
106.713478,26.578342,1,
106.713478,26.578342,1,
106.706642,26.584383,1,
106.705627,26.577024,1,
106.713478,26.578342,1,
106.707787,26.507906,1,
106.713478,26.578342,1,
106.885529,27.010855,1,
106.696907,26.501575,1,
106.698402,26.494118,1,
106.70211,26.583828,1,
106.713478,26.578342,1,
106.67202,26.582685,1,
106.67202,26.582685,1,
106.669342,26.583996,1,
106.655151,26.572546,1,
106.666092,26.583107,1,
106.666092,26.583107,1,
106.669342,26.583996,1,
106.670074,26.584539,1,
106.713478,26.578342,1,
106.713478,26.578342,1,
106.713478,26.578342,1,
106.701622,26.506636,1,
106.700752,26.5249,1,
106.713478,26.578342,1,
106.713478,26.578342,1,
106.621071,26.631268,1,
106.713478,26.578342,1,
106.709785,26.551121,1,
106.710014,26.558208,1,
106.710014,26.558208,1,
106.703911,26.550678,1,
106.703911,26.550678,1,
106.703911,26.550678,1,
106.71302,26.563467,1,
106.703911,26.550678,1,
106.709785,26.551121,1,
106.713478,26.578342,1,
106.696823,26.538803,1,
106.699425,26.5392,1,
106.696823,26.538803,1,
106.696823,26.538803,1,
106.696823,26.538803,1,
106.720352,26.607838,1,
106.69381,26.566603,1,
106.576813,27.050457,1,
106.713478,26.578342,1,
106.690384,26.730145,1,
106.713478,26.578342,1,
106.693703,26.524946,1,
106.693703,26.524946,1,
106.693703,26.524946,1,
106.693703,26.524946,1,
106.693703,26.524946,1,
106.713539,26.588118,1,
106.585144,26.602119,1,
106.713478,26.578342,1,
106.504875,26.459482,1,
106.672035,26.517393,1,
106.708229,26.548107,1,
106.713478,26.578342,1,
106.605911,26.847696,1,
106.608025,26.620754,1,
106.713478,26.578342,1,
106.596916,26.488373,1,
106.713478,26.578342,1,
106.713478,26.578342,1,
106.713478,26.578342,1,
106.734848,26.587778,1,
106.716217,26.581297,1,
106.713478,26.578342,1,
106.713478,26.578342,1,
106.713478,26.578342,1,
106.713478,26.578342,1,
106.713478,26.578342,1,
106.713478,26.578342,1,
106.713478,26.578342,1,
106.713478,26.578342,1,
106.713478,26.578342,1,
106.713478,26.578342,1,
106.713478,26.578342,1,
106.713478,26.578342,1,
106.713478,26.578342,1,
106.676208,26.590179,1,
106.725029,26.573179,1,
106.72036,26.585428,1,
106.713478,26.578342,1,
106.713478,26.578342,1,
106.713478,26.578342,1,
106.713478,26.578342,1,
106.713478,26.578342,1,
106.69619,26.570965,1,
106.71611,26.593426,1,
106.607513,26.637249,1,
106.713478,26.578342,1,
106.454613,27.064962,1,
107.009972,27.297682,1,
107.009972,27.297682,1,
107.009972,27.297682,1,
106.611176,26.467308,1,
107.009972,27.297682,1,
106.713478,26.578342,1,
106.713478,26.578342,1,
106.713478,26.578342,1,
106.709572,26.596279,1,
106.713478,26.578342,1,
106.706314,26.603579,1,
106.638451,26.605957,1,
106.638451,26.605957,1,
106.645546,26.583773,1,
106.715546,26.554861,1,
106.739494,26.571774,1,
106.707085,26.601982,1,
106.747986,26.62339,1,
106.703339,26.585962,1,
106.713478,26.578342,1,
106.610199,26.61244,1,
106.721504,26.563511,1,
106.726768,26.562946,1,
106.707977,26.573576,1,
106.713478,26.578342,1,
106.700691,26.579603,1,
106.700676,26.576723,1,
106.713478,26.578342,1,
106.725822,26.560984,1,
106.69149,26.586901,1,
106.713478,26.578342,1,
106.766083,26.611912,1,
106.713478,26.578342,1,
106.713478,26.578342,1,
107.257698,27.215628,1,
106.713478,26.578342,1,
106.747894,26.620766,1,
106.713478,26.578342,1,
106.71312,26.58507,1,
106.713478,26.578342,1,
106.689568,26.530468,1,
106.689568,26.530468,1,
106.688431,26.529491,1,
106.661324,26.594971,1,
106.657288,26.59716,1,
106.579254,26.403286,1,
106.715591,26.493889,1,
106.713478,26.578342,1,
106.715591,26.493889,1,
106.651924,26.604767,1,
106.690613,26.577486,1,
106.671661,26.426456,1,
106.759605,26.628542,1,
106.690323,26.574684,1,
106.714615,26.560648,1,
106.713478,26.578342,1,
106.713478,26.578342,1,
106.713478,26.578342,1,
106.713478,26.578342,1,
106.691338,26.559229,1,
106.686081,26.550331,1,
106.687057,26.554264,1,
106.690788,26.561537,1,
106.676781,26.619438,1,
106.713478,26.578342,1,
106.713478,26.578342,1,
106.746574,26.564716,1,
106.746574,26.564716,1,
106.713478,26.578342,1,
106.692818,26.548128,1,
106.713478,26.578342,1,
106.713478,26.578342,1,
106.717567,26.855326,1,
106.676414,26.497101,1,
106.713478,26.578342,1,
106.713478,26.578342,1,
106.713478,26.578342,1,
106.751083,26.630058,1,
106.713478,26.578342,1,
106.713478,26.578342,1,
106.704391,26.558023,1,
106.633018,26.687443,1,
106.713478,26.578342,1,
106.713478,26.578342,1,
106.982628,27.050322,1,
106.816856,26.638985,1,
106.816856,26.638985,1,
106.713478,26.578342,1,
106.721916,26.518847,1,
106.713478,26.578342,1,
106.713478,26.578342,1,
106.724983,26.530872,1,
106.693581,26.580299,1,
106.690323,26.574684,1,
106.713478,26.578342,1,
106.713478,26.578342,1,
106.713478,26.578342,1,
106.713478,26.578342,1,
106.713478,26.578342,1,
106.713478,26.578342,1,
106.710655,26.54521,1,
106.713478,26.578342,1,
106.697044,27.006052,1,
106.714119,26.487898,1,
106.713478,26.578342,1,
106.713478,26.578342,1,
106.67028,26.492022,1,
106.702072,26.585878,1,
106.713478,26.578342,1,
106.713478,26.578342,1,
106.713478,26.578342,1,
106.713478,26.578342,1,
106.713478,26.578342,1,
106.713478,26.578342,1,
106.718811,26.576366,1,
106.713478,26.578342,1,
106.713478,26.578342,1,
106.717148,26.579823,1,
106.713478,26.578342,1,
106.557526,26.619648,1,
106.713478,26.578342,1,
106.713478,26.578342,1,
106.695412,26.52898,1,
106.762123,26.630928,1,
106.751907,26.627705,1,
106.753036,26.630733,1,
106.762123,26.630928,1,
106.762123,26.630928,1,
106.816666,26.640715,1,
106.758904,26.56374,1,
106.762123,26.630928,1,
106.776695,26.636515,1,
106.768112,26.631197,1,
106.762123,26.630928,1,
106.751404,26.619068,1,
106.910721,26.715221,1,
106.776695,26.636515,1,
106.766891,26.640644,1,
106.762123,26.630928,1,
106.708427,26.486496,1,
106.708427,26.486496,1,
106.708427,26.486496,1,
106.713478,26.578342,1,
106.684227,26.559587,1,
106.604256,26.580578,1,
106.684227,26.559587,1,
106.713478,26.578342,1,
106.719635,26.560623,1,
106.713478,26.578342,1,
106.713478,26.578342,1,
106.713478,26.578342,1,
106.713478,26.578342,1,
106.713478,26.578342,1,
106.719635,26.560623,1,
106.713478,26.578342,1,
106.636772,27.146194,1,
106.713478,26.578342,1,
106.713478,26.578342,1,
106.671478,26.59326,1,
106.687813,26.601088,1,
106.671478,26.59326,1,
106.671478,26.59326,1,
106.671478,26.59326,1,
106.671478,26.59326,1,
106.671478,26.59326,1,
106.671478,26.59326,1,
106.713478,26.578342,1,
106.713478,26.578342,1,
106.713478,26.578342,1,
106.713478,26.578342,1,
106.71991,26.572144,1,
106.721588,26.569923,1,
106.713478,26.578342,1,
106.681549,26.508089,1,
106.681549,26.508089,1,
106.72052,26.508387,1,
106.681549,26.508089,1,
106.689323,26.509867,1,
106.62429,26.670687,1,
106.611702,26.624043,1,
106.713478,26.578342,1,
106.713478,26.578342,1,
106.713478,26.578342,1,
106.675568,26.427696,1,
106.717667,26.575972,1,
106.619637,26.705164,1,
106.665749,26.558558,1,
106.619637,26.705164,1,
107.138733,27.308239,1,
106.673409,26.41781,1,
106.696106,26.510983,1,
106.713478,26.578342,1,
106.713478,26.578342,1,
106.695183,26.518324,1,
106.791191,26.535374,1,
106.713478,26.578342,1,
106.793747,26.536119,1,
106.78347,26.476376,1,
106.713478,26.578342,1,
106.696518,26.610928,1,
106.701881,26.609137,1,
106.701881,26.609137,1,
106.713478,26.578342,1,
106.873672,26.732695,1,
106.873672,26.732695,1,
106.873672,26.732695,1,
106.713478,26.578342,1,
106.896339,27.172375,1,
106.896339,27.172375,1,
106.896339,27.172375,1,
106.713478,26.578342,1,
107.056549,26.916967,1,
106.896339,27.172375,1,
107.056549,26.916967,1,
106.896339,27.172375,1,
106.873672,26.732695,1,
106.896339,27.172375,1,
106.896339,27.172375,1,
106.873672,26.732695,1,
106.896339,27.172375,1,
106.896339,27.172375,1,
106.873672,26.732695,1,
106.896339,27.172375,1,
106.896339,27.172375,1,
106.896339,27.172375,1,
106.896339,27.172375,1,
106.896339,27.172375,1,
106.670792,26.410463,1,
106.698242,26.526424,1,
106.695305,26.505184,1,
106.697136,26.47839,1,
106.583862,26.522614,1,
106.708939,26.513901,1,
106.703903,26.527901,1,
106.670792,26.410463,1,
106.708427,26.486496,1,
106.681549,26.508089,1,
106.670792,26.410463,1,
106.873672,26.732695,1,
106.873672,26.732695,1,
106.873672,26.732695,1,
106.896339,27.172375,1,
106.873672,26.732695,1,
106.896339,27.172375,1,
106.896339,27.172375,1,
106.702049,26.507578,1,
106.873672,26.732695,1,
106.873672,26.732695,1,
106.896339,27.172375,1,
106.896339,27.172375,1,
106.896339,27.172375,1,
106.713478,26.578342,1,
106.713478,26.578342,1,
106.713478,26.578342,1,
106.873672,26.732695,1,
106.896339,27.172375,1,
106.896339,27.172375,1,
106.873672,26.732695,1,
106.873672,26.732695,1,
106.896339,27.172375,1,
106.713478,26.578342,1,
106.713478,26.578342,1,
106.873672,26.732695,1,
106.873672,26.732695,1,
106.713478,26.578342,1,
106.896339,27.172375,1,
106.896339,27.172375,1,
106.896339,27.172375,1,
106.713478,26.578342,1,
106.622253,26.387207,1,
106.713478,26.578342,1,
106.694664,26.475491,1,
106.585266,26.609922,1,
106.713478,26.578342,1,
106.713478,26.578342,1,
106.713478,26.578342,1,
106.684029,26.987564,1,
106.470749,26.553787,1,
106.705154,26.534538,1,
106.713478,26.578342,1,
106.713478,26.578342,1,
106.713478,26.578342,1,
106.818649,27.066763,1,
106.688438,26.556845,1,
106.818649,27.066763,1,
106.688499,26.555328,1,
106.688499,26.555328,1,
106.718697,26.565548,1,
106.718697,26.565548,1,
106.713478,26.578342,1,
106.710648,26.566095,1,
106.48687,26.454649,1,
106.713478,26.578342,1,
106.614326,26.653553,1,
106.713478,26.578342,1,
106.713478,26.578342,1,
106.720016,26.602135,1,
106.720016,26.602135,1,
106.720016,26.602135,1,
106.720016,26.602135,1,
106.774849,26.667343,1,
106.713478,26.578342,1,
106.713478,26.578342,1,
106.740295,26.618521,1,
106.713478,26.578342,1,
106.796448,26.637022,1,
106.766891,26.640644,1,
106.777206,26.641754,1,
106.713478,26.578342,1,
106.716789,26.546028,1,
106.619247,26.642923,1,
106.676414,26.501669,1,
106.713478,26.578342,1,
106.713478,26.578342,1,
106.713478,26.578342,1,
106.71302,26.563467,1,
106.71302,26.563467,1,
106.71302,26.563467,1,
106.688843,26.513432,1,
106.689323,26.509867,1,
106.713478,26.578342,1,
106.689323,26.509867,1,
106.689323,26.509867,1,
106.689323,26.509867,1,
106.713478,26.578342,1,
106.642563,26.616751,1,
106.611488,26.623804,1,
106.730438,26.56431,1,
106.772758,26.650249,1,
106.713478,26.578342,1,
106.713478,26.578342,1,
106.713478,26.578342,1,
106.713478,26.578342,1,
106.705002,26.637552,1,
106.713478,26.578342,1,
106.718437,26.858862,1,
106.713478,26.578342,1,
106.713478,26.578342,1,
106.713478,26.578342,1,
106.713478,26.578342,1,
106.699608,26.582565,1,
106.701202,26.583794,1,
106.711052,26.600554,1,
106.713478,26.578342,1,
106.711052,26.600554,1,
106.635139,26.676279,1,
106.657066,26.686386,1,
106.624504,26.319609,1,
106.713478,26.578342,1,
106.651505,26.669077,1,
106.756813,26.577106,1,
106.713478,26.578342,1,
106.713478,26.578342,1,
106.409103,26.592331,1,
106.409103,26.592331,1,
106.644638,26.622646,1,
106.644638,26.622646,1,
106.713478,26.578342,1,
106.713478,26.578342,1,
106.617424,26.587008,1,
106.371864,26.457756,1,
106.763489,27.23316,1,
106.763489,27.23316,1,
106.763489,27.23316,1,
106.713478,26.578342,1,
106.728432,26.370829,1,
106.713478,26.578342,1,
106.713478,26.578342,1,
106.619179,26.328941,1,
106.713478,26.578342,1,
106.621407,26.59536,1,
106.621407,26.59536,1,
106.713478,26.578342,1,
106.713478,26.578342,1,
106.714622,26.598888,1,
106.735626,26.585596,1,
106.689217,26.530645,1,
106.713478,26.578342,1,
106.688889,26.558643,1,
106.713478,26.578342,1,
106.713478,26.578342,1,
106.70356,26.592077,1,
106.711319,26.606071,1,
106.713478,26.578342,1,
106.713478,26.578342,1,
106.659134,26.426508,1,
106.713478,26.578342,1,
106.713478,26.578342,1,
106.713478,26.578342,1,
106.702675,26.509602,1,
106.713478,26.578342,1,
106.611809,26.676125,1,
106.610725,26.681856,1,
106.713478,26.578342,1,
106.73774,26.560503,1,
106.73774,26.560503,1,
106.734764,26.560204,1,
106.713478,26.578342,1,
106.715981,26.590023,1,
106.715981,26.590023,1,
106.713478,26.578342,1,
106.713478,26.578342,1,
106.750259,26.597118,1,
106.713478,26.578342,1,
106.713478,26.578342,1,
106.701248,26.55583,1,
106.701248,26.55583,1,
106.713478,26.578342,1,
106.703697,26.552216,1,
106.704376,26.552813,1,
106.761177,26.553411,1,
106.714943,26.582626,1,
106.713478,26.578342,1,
106.713478,26.578342,1,
106.714836,26.582714,1,
106.624535,26.676973,1,
106.614334,26.68811,1,
106.614334,26.68811,1,
106.778221,26.531429,1,
106.711815,26.557262,1,
106.711815,26.557262,1,
106.696098,26.612944,1,
106.713478,26.578342,1,
106.746124,26.745358,1,
106.713394,26.58301,1,
106.71199,26.588692,1,
106.721497,26.585793,1,
106.71846,26.607042,1,
106.723953,26.60166,1,
106.713394,26.58301,1,
106.724838,26.579784,1,
106.707787,26.579903,1,
106.663177,26.575644,1,
106.72068,26.60264,1,
106.697884,26.574417,1,
106.724365,26.606714,1,
106.703316,26.586521,1,
106.72142,26.60479,1,
106.713394,26.58301,1,
106.700615,26.574129,1,
106.715935,26.580782,1,
106.707085,26.601982,1,
106.690979,26.575729,1,
106.736443,26.591801,1,
106.725616,26.588398,1,
106.714729,26.584965,1,
106.711052,26.600554,1,
106.713394,26.58301,1,
106.726639,26.582708,1,
106.707962,26.589464,1,
106.713478,26.578342,1,
107.134102,27.289707,1,
107.134102,27.289707,1,
106.711037,26.522951,1,
106.711037,26.522951,1,
106.710983,26.522943,1,
106.710983,26.522943,1,
106.710983,26.522943,1,
106.458313,26.979321,1,
106.645348,26.612413,1,
106.645348,26.612413,1,
106.932861,27.052273,1,
106.634674,26.676121,1,
106.713478,26.578342,1,
106.657471,26.562128,1,
106.724602,26.603279,1,
106.63549,26.677399,1,
106.713478,26.578342,1,
106.713478,26.578342,1,
106.713478,26.578342,1,
106.708824,26.556185,1,
106.736656,27.096992,1,
106.713478,26.578342,1,
106.713478,26.578342,1,
106.713478,26.578342,1,
106.713478,26.578342,1,
106.713478,26.578342,1,
106.680328,26.502781,1,
106.713478,26.578342,1,
106.676643,26.496195,1,
106.676643,26.496195,1,
106.678314,26.498444,1,
106.678581,26.507217,1,
106.713478,26.578342,1,
106.713478,26.578342,1,
106.713478,26.578342,1,
106.60923,26.596581,1,
106.713478,26.578342,1,
106.714218,26.579548,1,
106.712433,26.580194,1,
106.61657,26.680517,1,
106.713478,26.578342,1,
106.691994,26.571043,1,
106.730492,26.61627,1,
106.713478,26.578342,1,
106.739494,26.571774,1,
106.713478,26.578342,1,
106.713478,26.578342,1,
106.713478,26.578342,1,
106.713478,26.578342,1,
106.727791,27.166933,1,
106.713478,26.578342,1,
106.721748,26.577696,1,
106.713478,26.578342,1,
106.646156,26.623718,1,
106.713478,26.578342,1,
106.713478,26.578342,1,
106.713478,26.578342,1,
106.713478,26.578342,1,
106.533379,26.64105,1,
106.570663,26.698126,1,
106.713478,26.578342,1,
106.713478,26.578342,1,
106.711456,26.53347,1,
106.713432,26.529352,1,
106.710983,26.522888,1,
106.711082,26.527082,1,
106.711243,26.569193,1,
106.713478,26.578342,1,
106.713478,26.578342,1,
106.713478,26.578342,1,
106.713478,26.578342,1,
106.684654,26.579327,1,
106.713478,26.578342,1,
106.713478,26.578342,1,
106.713478,26.578342,1,
106.708115,26.582195,1,
106.713478,26.578342,1,
106.705521,26.560305,1,
106.707977,26.573576,1,
106.709,26.565374,1,
106.711555,26.569,1,
106.709206,26.565628,1,
